claim_id,member_id,subscriber_id,provider_id,provider_name,claim_type,total_billed_amount,total_allowed_amount,drg_code,drg_days,service_from_date,service_to_date,discharge_status,primary_diagnosis,secondary_diagnoses,micro_image_id,processed_date,claim_status
CLM2024-H001,MBR001,SUB001,1234567890,Strong Memorial Hospital,UB04,87500.0,52200.0,470,4,2024-03-15,2024-03-19,01,M17.11,E11.9|I10|Z96.641,IMG00001,2024-04-02,paid
CLM2024-H002,MBR002,SUB002,2345678901,Rochester General Hospital,UB04,74200.0,44800.0,291,7,2024-06-10,2024-06-17,01,I50.9,I10|E11.65|N18.5|I50.43,IMG00002,2024-07-01,paid
CLM2024-S003,MBR003,SUB003,1234567890,Strong Memorial Hospital,UB04,77001.71,35140.23,470,2,2024-10-06,2024-10-08,01,I50.9,E11.9|I10,IMG00003,2024-10-30,paid
CLM2024-S004,MBR004,SUB004,4567890123,Thompson Health,UB04,103986.91,59350.03,470,4,2024-02-19,2024-02-23,01,J44.1,E11.9|I10,,2024-03-07,paid
CLM2024-S005,MBR005,SUB005,3456789012,Unity Hospital,UB04,85368.39,50398.43,190,3,2024-06-30,2024-07-03,01,M17.11,E11.9|I10,,2024-07-10,paid
CLM2024-S006,MBR006,SUB006,3456789012,Unity Hospital,UB04,67419.28,42267.62,190,7,2024-04-18,2024-04-25,01,J44.1,E11.9|I10,IMG00006,2024-04-27,paid
CLM2024-S007,MBR007,SUB007,5678901234,Highland Hospital,UB04,55070.03,35752.8,603,5,2024-02-02,2024-02-07,01,A41.9,E11.9|I10,,2024-02-07,paid
CLM2024-S008,MBR008,SUB008,2345678901,Rochester General Hospital,UB04,31962.65,20478.47,603,8,2024-07-10,2024-07-18,01,M17.11,E11.9|I10,,2024-07-30,paid
CLM2024-S009,MBR009,SUB009,5678901234,Highland Hospital,UB04,112535.92,67640.06,190,3,2024-08-04,2024-08-07,01,I50.9,E11.9|I10,,2024-08-21,paid
CLM2024-S010,MBR010,SUB010,2345678901,Rochester General Hospital,UB04,90952.02,56979.31,603,3,2024-10-03,2024-10-06,01,J44.1,E11.9|I10,IMG00010,2024-10-23,paid
